,PrimerID,SampleID,Product size,Note
with 18bp M13,HOXD13,Reference,523,
,HOXD13,NA24385 ,503.92/503.92,
,HOXD13,NA24149,504.65/504.65,
,HOXD13,NA24143,504.43/504.43,
,HOXD13,NA24631,503.85/503.85,
,HOXD13,NA24694,503.81/503.81,
,HOXD13,NA24695,504.58/504.58,
,HOXD13,NA12877,504.65/504.65,
,HOXD13,NA12878,503.96/503.96,
,HOXD13,NA12879,504.06/504.06,
,HOXD13,NA12880,504.57/504.57,
,HOXD13,NA12881,504.58/504.58,
,HOXD13,NA12882,504.03/504.03,
,HOXD13,NA12883,504.06/504.06,
,HOXD13,NA12884,504.61/504.61,
,HOXD13,NA12885,504.51/504.51,
,HOXD13,NA12886,504.16/504.16,
,HOXD13,NA12887,503.93/503.93,
,HOXD13,NA12888,504.61/504.61,
,HOXD13,NA12889,504.58/504.58,
,HOXD13,NA12890,504.03/504.03,
,HOXD13,NA12891,504.06/504.06,
,HOXD13,NA12892,504.67/504.67,
,HOXD13,NA12893,504.58/504.58,
,HOXD13,HG00268,503.11/503.11,
,HOXD13,NA20503,504.39/504.39,
,HOXD13,NA20504,504.63/504.63,
,HOXD13,NA20505,503.85/503.85,
,HOXD13,NA20506,503.92/503.92,
,HOXD13,NA18488,504.62/504.62,
,HOXD13,HG02970,503.86/503.86,
,HOXD13,NA19434,503.99/503.99,
,HOXD13,NA19238,504.57/504.57,
,HOXD13,NA19239,504.02/504.02,
,HOXD13,NA18939,504.37/504.37,
,HOXD13,NA18940,503.82/503.82,
,HOXD13,NA18941,503.71/503.71,
,HOXD13,NA18942,504.58/504.58,
,HOXD13,HG00766,503.59/503.59,
,HOXD13,HG03736,503.97/503.97,
,HOXD13,NA20846,504.55/504.55,
,HOXD13,NA20847,504.36/504.36,
,HOXD13,NA20849,503.82/503.82,
,HOXD13,NA20862,503.9/503.9,
,HOXD13,HG01112,503.75/503.75,
,HOXD13,HG01113,504.35/504.35,
,HOXD13,HG01119,504.32/504.32,
,HOXD13,HG00731,503.75/503.75,
,HOXD13,HG00732,503.82/503.82,
with 18bp M13,C9orf72,Reference,161,
,C9orf72,NA24385 ,146.83/146.83,
,C9orf72,NA24149,147.18/147.18,
,C9orf72,NA24143,147.17/147.17,
,C9orf72,NA24631,146.94/146.94,
,C9orf72,NA24694,146.91/146.91,
,C9orf72,NA24695,147.2/147.2,
,C9orf72,NA12877,147.2/147.2,
,C9orf72,NA12878,146.93/164.49,
,C9orf72,NA12879,146.86/164.49,
,C9orf72,NA12880,147.2/147.2,
,C9orf72,NA12881,147.2/164.86,
,C9orf72,NA12882,146.94/64.49,
,C9orf72,NA12883,146.86/64.49,
,C9orf72,NA12884,147.2/147.2,
,C9orf72,NA12885,147.2/147.2,
,C9orf72,NA12886,146.94/164.49,
,C9orf72,NA12887,146.94/146.94,
,C9orf72,NA12888,147.2/147.2,
,C9orf72,NA12889,147.17/147.17,
,C9orf72,NA12890,146.93/146.93,
,C9orf72,NA12891,146.86/164.48,
,C9orf72,NA12892,147.22/164.87,
,C9orf72,NA12893,164.8/164.8,
,C9orf72,HG00268,158.26/158.26,
,C9orf72,NA20503,147.17/147.17,
,C9orf72,NA20504,147.18/147.18,
,C9orf72,NA20505,146.91/146.91,
,C9orf72,NA20506,146.91/146.91,
,C9orf72,NA18488,147.15/147.15,
,C9orf72,HG02970,146.93/146.93,
,C9orf72,NA19434,158.86/158.86,
,C9orf72,NA19238,162.04/162.04,
,C9orf72,NA19239,146.91/146.91,
,C9orf72,NA18939,147.15/147.15,
,C9orf72,NA18940,146.91/146.91,
,C9orf72,NA18941,170.25/170.25,
,C9orf72,NA18942,147.18/147.18,
,C9orf72,HG00766,146.7/146.7,
,C9orf72,HG03736,146.89/146.89,
,C9orf72,NA20846,147.18/147.18,
,C9orf72,NA20847,147.17/147.17,
,C9orf72,NA20849,146.94/146.94,
,C9orf72,NA20862,158.66/158.66,
,C9orf72,HG01112,146.83/146.83,
,C9orf72,HG01113,147.17/147.17,
,C9orf72,HG01119,147.17/147.17,
,C9orf72,HG00731,146.93/146.93,
,C9orf72,HG00732,146.93/146.93,
with 18bp M13,ATN1,Reference,158,
,ATN1,NA24385 ,145.55/151.37,
,ATN1,NA24149,151.53/151.53,
,ATN1,NA24143,131.08/145.99,
,ATN1,NA24631,151.49/163.15,
,ATN1,NA24694,136.87/163.09,
,ATN1,NA24695,151.5/157.36,
,ATN1,NA12877,136.84/160.28,
,ATN1,NA12878,151.42/151.42,
,ATN1,NA12879,136.8/151.42,
,ATN1,NA12880,136.9/151.5,
,ATN1,NA12881,151.5/160.28,
,ATN1,NA12882,151.49/160.28,
,ATN1,NA12883,151.42/160.21,
,ATN1,NA12884,136.93/151.5,
,ATN1,NA12885,136.91/151.5,
,ATN1,NA12886,151.49/160.28,
,ATN1,NA12887,151.49/160.28,
,ATN1,NA12888,151.5/160.28,
,ATN1,NA12889,154.38/160.28,
,ATN1,NA12890,136.88/154.33,
,ATN1,NA12891,136.8/151.42,
,ATN1,NA12892,151.47/157.35,
,ATN1,NA12893,151.46/154.38,
,ATN1,HG00268,154.29/157.22,
,ATN1,NA20503,151.45/154.38,
,ATN1,NA20504,142.73/160.28,
,ATN1,NA20505,139.79/166.03,
,ATN1,NA20506,151.45/183.44,
,ATN1,NA18488,142.72/148.57,
,ATN1,HG02970,133.99/133.99,
,ATN1,NA19434,142.71/154.43,
,ATN1,NA19238,131.06/134,
,ATN1,NA19239,142.71/151.45,
,ATN1,NA18939,136.87/157.31,
,ATN1,NA18940,151.45/160.21,
,ATN1,NA18941,139.72/151.4,
,ATN1,NA18942,142.73/160.28,
,ATN1,HG00766,136.84/151.4,
,ATN1,HG03736,142.7/171.84,
,ATN1,NA20846,131.1/157.37,
,ATN1,NA20847,131.08/151.46,
,ATN1,NA20849,142.65/151.42,
,ATN1,NA20862,131.06/151.49,
,ATN1,HG01112,151.39/151.39,
,ATN1,HG01113,145.88/154.45,
,ATN1,HG01119,145.68/151.48,
,ATN1,HG00731,131.05/157.34,
,ATN1,HG00732,151.44/157.27,
with 18bp M13,SCA1,Reference,230,
,SCA1,HG00268,230.06/235.98,
,SCA1,HG00731,227.07/235.94,
,SCA1,HG00732,235.97/235.97,
,SCA1,HG00766,224.17/230.0,
,SCA1,HG01112,227.24/230.11,
,SCA1,HG01113,230.01/244.9,
,SCA1,HG01119,233.0/250.99,
,SCA1,HG02970,224.12/238.97,
,SCA1,HG03736,227.22/230.1,
,SCA1,NA12877,233.05/238.96,
,SCA1,NA12878,233.09/236.03,
,SCA1,NA12879,233.17/239.1,
,SCA1,NA12880,236.03/239.03,
,SCA1,NA12881,233.05/233.05,
,SCA1,NA12882,233.07/239.02,
,SCA1,NA12883,233.07/233.07,
,SCA1,NA12884,233.01/238.9,
,SCA1,NA12885,233.05/236.01,
,SCA1,NA12886,233.09/236.03,
,SCA1,NA12887,236.09/239.02,
,SCA1,NA12888,236.01/238.96,
,SCA1,NA12889,233.05/235.95,
,SCA1,NA12890,236.02/239.02,
,SCA1,NA12891,233.08/235.97,
,SCA1,NA12892,233.04/238.95,
,SCA1,NA12893,233.0/233.0,
,SCA1,NA18488,232.97/235.98,
,SCA1,NA18939,211.87/229.97,
,SCA1,NA18940,224.26/224.26,
,SCA1,NA18941,224.27/230.14,
,SCA1,NA18942,224.18/233.08,
,SCA1,NA19238,224.03/235.98,
,SCA1,NA19239,224.16/247.95,
,SCA1,NA19434,230.21/251.12,
,SCA1,NA20503,233.01/235.83,
,SCA1,NA20504,238.89/238.89,
,SCA1,NA20505,233.13/244.94,
,SCA1,NA20506,233.11/236.04,
,SCA1,NA20846,233.07/233.07,
,SCA1,NA20847,230.04/233.07,
,SCA1,NA20849,236.06/238.97,
,SCA1,NA20862,227.2/238.97,
,SCA1,NA24143,230.04/235.96,
,SCA1,NA24149,233.05/236.01,
,SCA1,NA24385,233.11/236.04,
,SCA1,NA24631,230.03/230.03,
,SCA1,NA24694,224.29/230.06,
,SCA1,NA24695,230.0/241.88,
with 18bp M13,NOS1,reference,193,
,NOS1,HG01112,170.82/180.61,
,NOS1,NA20506,170.86/192.1,
,NOS1,NA20503,170.9/190.28,
,NOS1,NA20505,171.86/190.17,
,NOS1,NA18488,171.94/189.21,
,NOS1,HG00721,171.97/173.0,
,NOS1,NA19238,177.73/192.14,
,NOS1,NA19434,178.71/182.58,
,NOS1,HG01119,178.77/180.68,
,NOS1,HG00766,180.61/182.49,
,NOS1,NA18940,180.61/190.2,
,NOS1,HG03736,180.61/190.24,
,NOS1,NA19239,180.61/192.17,
,NOS1,NA18942,180.62/186.38,
,NOS1,NA20846,180.62/190.27,
,NOS1,NA18939,180.68/188.33,
,NOS1,NA20849,182.52/190.2,
,NOS1,NA18941,182.52/192.1,
,NOS1,HG00268,182.52/192.17,
,NOS1,HG00268,184.38/192.11,
,NOS1,HG00732,190.16/192.12,
,NOS1,HG02970,190.2/192.15,
,NOS1,NA20847,190.27/190.27,
,NOS1,NA20504,190.27/192.18,
,NOS1,HG01113,190.27/194.13,
,NOS1,NA24385 ,190.09/190.09,
,NOS1,NA24149,190.1/192.02,
,NOS1,NA24143,172.79/190.14,
,NOS1,NA24631,172.82/179.48,
,NOS1,NA24694,172.87/192.06,
,NOS1,NA24695,180.52/182.46,
,NOS1,NA12877,170.82/192.1,
,NOS1,NA12878,170.82/192.1,
,NOS1,NA12879,170.82/192.1,
,NOS1,NA12880,170.82/192.1,
,NOS1,NA12881,170.82/192.1,
,NOS1,NA12882,170.82/192.1,
,NOS1,NA12883,168.71/190.07,
,NOS1,NA12884,170.82/192.1,
,NOS1,NA12885,190.04/190.04,check again 
,NOS1,NA12886,189.93/217.8,check again 
,NOS1,NA12887,170.74/192.05,
,NOS1,NA12888,192.07/192.07,
,NOS1,NA12889,192.07/192.07,
,NOS1,NA12890,172.83/172.83,
,NOS1,NA12891,170.82/192.1,
,NOS1,NA12892,170.78/192.07,
,NOS1,NA12893,170.77/191.99,
,SCA3,reference,120,
,SCA3,NA18940,115.45/116.46,
,SCA3,HG00268,115.49/116.48,
,SCA3,HG00732,115.5/116.51,
,SCA3,NA20505,116.46/136.64,
,SCA3,HG03736,116.51/130.88,
,SCA3,HG00268,116.51/133.69,
,SCA3,NA20849,116.51/136.69,
,SCA3,HG01113,116.51/142.55,
,SCA3,HG02970,116.51/145.43,
,SCA3,NA18941,116.51/145.43,
,SCA3,NA20503,116.51/154.18,
,SCA3,NA19238,116.54/139.65,
,SCA3,NA20847,116.54/142.56,
,SCA3,NA18942,116.54/160.0,
,SCA3,NA19239,128.01/128.01,
,SCA3,NA20506,128.06/142.47,
,SCA3,HG01119,136.69/142.54,
,SCA3,NA20504,136.69/142.56,
,SCA3,HG00721,139.58/142.55,
,SCA3,NA19434,142.47/154.13,
,SCA3,HG01112,142.52/154.17,
,SCA3,NA20846,142.56/154.23,
,SCA3,NA18939,145.47/160.0,
,SCA3,HG00766,151.11/154.04,
,SCA3,NA18488,168.69/171.6,
,SCA3,NA12877,142.2/153.76,
,SCA3,NA12878,142.21/145.11,
,SCA3,NA12879,142.28/153.84,
,SCA3,NA12880,142.2/153.76,
,SCA3,NA12881,145.1/153.81,
,SCA3,NA12882,142.21/142.21,
,SCA3,NA12883,142.21/153.81,
,SCA3,NA12884,145.15/153.76,
,SCA3,NA12885,142.21/145.11,
,SCA3,NA12886,142.22/142.22,
,SCA3,NA12887,142.22/153.79,
,SCA3,NA12888,145.12/153.79,
,SCA3,NA12889,133.39/142.2,
,SCA3,NA12890,145.02/153.74,
,SCA3,NA12891,115.14/145.02,
,SCA3,NA12892,142.12/156.62,
,SCA3,NA12893,142.2/142.2,
,SCA3,NA24385,141.83/153.45,
,SCA3,NA24149,,
,SCA3,NA24143,,
,SCA3,NA24631,114.79/114.79,
,SCA3,NA24694,114.86/114.86,
,SCA3,NA24695,114.79/133.13,
,PAPBN1,reference,263,
,PAPBN1,NA24385,260/260,
,PAPBN1,NA24149,260.26/260.26,
,PAPBN1,NA24143,260.13/260.13,
,PAPBN1,NA24631,260.13/260.13,
,PAPBN1,NA24694,260.13/260.13,
,PAPBN1,NA24695,260.2/260.2,
,PAPBN1,NA12877,260.2/260.2,
,PAPBN1,NA12878,260.13/260.13,
,PAPBN1,NA12879,260.13/260.13,
,PAPBN1,NA12880,260.27/260.27,
,PAPBN1,NA12881,260.2/260.2,
,PAPBN1,NA12882,260.13/260.13,
,PAPBN1,NA12883,260.13/260.13,
,PAPBN1,NA12884,260.2/260.2,
,PAPBN1,NA12885,260.5/260.5,
,PAPBN1,NA12886,260.13/260.13,
,PAPBN1,NA12887,260.07/260.07,
,PAPBN1,NA12888,260.2/260.2,
,PAPBN1,NA12889,260.27/260.27,
,PAPBN1,NA12890,260.2/260.2,
,PAPBN1,NA12891,260.13/260.13,
,PAPBN1,NA12892,260.27/260.27,
,PAPBN1,NA12893,260.2/260.2,
,PAPBN1,HG00268,260.13/260.13,
,PAPBN1,NA20503,260.26/260.26,
,PAPBN1,NA20504,260.2/260.2,
,PAPBN1,NA20505,260.2/260.2,
,PAPBN1,NA20506,260.13/260.13,
,PAPBN1,NA18488,260.26/260.26,
,PAPBN1,HG02970,260.2/260.2,
,PAPBN1,NA19434,260.13/260.13,
,PAPBN1,NA19238,260.2/260.2,
,PAPBN1,NA19239,260.07/260.07,
,PAPBN1,NA18939,260.2/260.2,
,PAPBN1,NA18940,260.27/260.27,
,PAPBN1,NA18941,260.13/260.13,
,PAPBN1,NA18942,260.26/260.26,
,PAPBN1,HG00766,260.07/260.07,
,PAPBN1,HG03736,260.07/260.07,
,PAPBN1,NA20846,260.2/260.2,
,PAPBN1,NA20847,260.27/260.27,
,PAPBN1,NA20849,260.13/260.13,
,PAPBN1,NA20862,260.13/260.13,
,PAPBN1,HG01112,260.13/260.13,
,PAPBN1,HG01113,260.2/260.2,
,PAPBN1,HG01119,260.13/260.13,
,PAPBN1,HG00731,260.13/260.13,
,PAPBN1,HG00732,260.13/260.13,
,AR,reference,450,
,AR,HG00731,431.09/431.09,
,AR,NA24631,448.1/448.1,
,AR,NA20506,442.26/442.26,
,AR,NA19238,425.54/425.54,
,AR,NA20862,451.04/471.04,
,AR,NA19434,413.69/445.14,
,AR,NA24149,439.81/439.81,
,AR,NA18939,436.96/445.53,
,AR,HG00766,436.5/453.66,
,AR,NA20505,442.37/453.81,
,AR,HG01112,445.12/445.12,
,AR,NA24385,450.56/450.56,
,AR,NA12879,439.37/445.11,
,AR,NA12887,439.44/445.1,
,AR,HG00119,428.04/430.9,
,AR,NA18488,425.59/445.47,
,AR,NA20503,442.71/456.97,
,AR,NA24149,439.56/439.56,
,AR,NA12880,434.11/439.75,
,AR,NA12888,434.1/434.1,
,AR,HG02970,428.42/434.06,
,AR,NA20504,434.09/442.65,
,AR,NA24143,428.28/451.11,
,AR,NA12881,434.13/439.81,
,AR,NA12889,431.28/431.28,
,AR,HG00113,428.4/431.26,
,AR,NA24631,447.87/447.87,
,AR,NA12882,433.79/433.79,
,AR,NA12890,439.44/442.28,
,AR,HG00732,436.69/442.34,
,AR,NA18941,425.21/433.71,
,AR,NA24694,447.98/447.98,
,AR,NA12883,445.15/445.15,
,AR,NA12891,433.77/433.77,
,AR,HG03736,430.86/447.94,
,AR,NA18942,434.06/439.75,
,AR,NA20846,428.44/428.44,
,AR,NA24695,442.57/448.29,
,AR,NA12884,434.09/434.09,
,AR,NA12892,434.06/434.06,
,AR,NA20847,434.11/442.69,
,AR,NA12877,439.75/439.75,
,AR,NA12885,434.11/439.81,
,AR,NA12893,436.97/445.55,
,AR,NA18940,448.36/448.36,
,AR,NA19239,425.31/425.31,
,AR,NA20849,431.01/448.1,
,AR,NA12878,433.79/445.19,
,AR,NA12886,433.76/433.76,
,AR,HG00268,428.09/436.62,
,SCA2,reference,130,
,SCA2,HG02970,122.47/125.49/132.45,3 peaks
,SCA2,HG00112,119.64/119.64,
,SCA2,HG00113,122.56/125.39/132.46,3 peaks
,SCA2,HG00119,119.72/122.56/132.47,3 peaks
,SCA2,HG00268,119.44/133.94,
,SCA2,HG03736,119.57/132.43,
,SCA2,HG00731,119.71/122.57/132.48,3 peaks
,SCA2,HG00732,119.57/132.43,
,SCA2,HG00766,119.43/119.43,
,SCA2,NA18488,119.71/122.57/132.48,3 peaks
,SCA2,NA18939,119.64/132.43,
,SCA2,NA18940,119.57/119.57,
,SCA2,NA18941,119.57/119.57,
,SCA2,NA18942,110.87/119.71,
,SCA2,NA19238,119.71/122.57/132.45,3 peaks
,SCA2,NA19239,98.97/119.5,
,SCA2,NA19434,119.57/132.42,
,SCA2,NA20503,119.57/132.42,
,SCA2,NA20504,119.71/132.52,
,SCA2,NA20505,119.57/122.5/132.49,3 peaks
,SCA2,NA20506,90.12/119.57,
,SCA2,NA20846,119.71/132.45,
,SCA2,NA20847,119.71/119.71,
,SCA2,NA20849,119.71/132.45,
,SCA2,NA20862,119.57/119.57,
,SCA2,NA24385 ,,
,SCA2,NA24149,,
,SCA2,NA24143,,
,SCA2,NA24631,,
,SCA2,NA24694,,
,SCA2,NA24695,,
,SCA2,NA12877,119.16/119.16,
,SCA2,NA12878,119.08/121.9/132.15,3 peaks
,SCA2,NA12879,119.16/121.99,
,SCA2,NA12880,119.16/119.16,
,SCA2,NA12881,119.02/132.13,
,SCA2,NA12882,119.16/119.16,
,SCA2,NA12883,119.02/132.13,
,SCA2,NA12884,119.16/119.16,
,SCA2,NA12885,119.16/119.16,
,SCA2,NA12886,119.16/119.16,
,SCA2,NA12887,119.16/121.99,
,SCA2,NA12888,119.16/119.16,
,SCA2,NA12889,119.02/132.13,
,SCA2,NA12890,119.02/132.13,
,SCA2,NA12891,119.08/121.9/132.15,3 peaks
,SCA2,NA12892,119.08/121.9/132.15,3 peaks
,SCA2,NA12893,119.02/119.02,
,SCA7,reference,326,
,SCA7,HG00112,300.13/300.13,
,SCA7,HG00113,294.05/305.53,
,SCA7,HG00119,293.11/293.11,
,SCA7,HG00268,293.1/293.1,
,SCA7,HG00731,294.55/294.55,
,SCA7,HG00732,294.55/300.37,
,SCA7,HG00766,293.51/293.51,
,SCA7,HG02970,294.66/294.66,
,SCA7,HG03736,294.56/294.56,
,SCA7,NA18488,254.62/297.97,
,SCA7,NA18939,254.58/300.87,
,SCA7,NA18940,254.59/294.76,
,SCA7,NA18941,254.62/294.63,
,SCA7,NA18942,254.62/295.05,
,SCA7,NA19238,295.06/295.06,
,SCA7,NA19239,294.63/297.54,
,SCA7,NA19434,254.59/294.57,
,SCA7,NA20503,295.04/300.74,
,SCA7,NA20504,294.99/303.57,
,SCA7,NA20505,300.43/300.43,
,SCA7,NA20506,294.57/300.31,
,SCA7,NA20846,294.99/294.99,
,SCA7,NA20847,295.04/295.04,
,SCA7,NA20849,294.56/300.31,
,SCA7,NA24385 ,292.61/301.3,
,SCA7,NA24149,292.56/292.56,
,SCA7,NA24143,292.52/301.15,
,SCA7,NA24631,292.39/298.14,
,SCA7,NA24694,292.61/292.61,
,SCA7,NA24695,292.71/298.41,
,SCA7,NA12877,291.77/291.77,
,SCA7,NA12878,292.15/297.85,
,SCA7,NA12879,292.2/292.2,
,SCA7,NA12880,292.04/292.04,
,SCA7,NA12881,292.18/297.93,
,SCA7,NA12882,292.54/298.26,
,SCA7,NA12883,292.56/298.27,
,SCA7,NA12884,292.44/298.2,
,SCA7,NA12885,292.25/292.25,
,SCA7,NA12886,292.62/292.62,
,SCA7,NA12887,292.63/292.63,
,SCA7,NA12888,292.43/292.43,
,SCA7,NA12889,292.25/292.25,
,SCA7,NA12890,292.64/292.64,
,SCA7,NA12891,292.69/292.69,
,SCA7,NA12892,292.5/298.27,
,SCA7,NA12893,292.36/292.36,
,CACNA1A,reference,159,
,CACNA1A,HG02970,134.96/152.34,
,CACNA1A,HG00112,146.53/146.53,
,CACNA1A,HG00113,146.69/149.57,
,CACNA1A,HG00119,152.45/152.45,
,CACNA1A,HG00268,146.58/146.58,
,CACNA1A,HG03736,134.97/146.55,
,CACNA1A,HG00731,112.12/146.69,
,CACNA1A,HG00732,112.55/146.63,
,CACNA1A,HG00766,114.57/152.27,
,CACNA1A,NA18488,146.65/146.65,
,CACNA1A,NA18939,146.65/152.49,
,CACNA1A,NA18940,114.5/146.49,
,CACNA1A,NA18941,146.6/152.41,
,CACNA1A,NA18942,146.72/161.25,
,CACNA1A,NA19238,112.63/146.65,
,CACNA1A,NA19239,146.49/146.49,
,CACNA1A,NA19434,132.15/146.6,
,CACNA1A,NA20503,112.18/146.65,
,CACNA1A,NA20504,112.91/152.5,
,CACNA1A,NA20505,114.29/149.36,
,CACNA1A,NA20506,146.56/146.56,
,CACNA1A,NA20846,152.5/152.5,
,CACNA1A,NA20847,112.84/152.49,
,CACNA1A,NA20849,146.48/146.48,
,CACNA1A,NA20862,146.31/152.09,
,CACNA1A,NA24385 ,146.73/146.73,
,CACNA1A,NA24149,146.37/149.23,
,CACNA1A,NA24143,146.6/149.5,
,CACNA1A,NA24631,152.47/152.47,
,CACNA1A,NA24694,,
,CACNA1A,NA24695,,
,CACNA1A,NA12877,148.55/157.22,
,CACNA1A,NA12878,148.62/151.51,
,CACNA1A,NA12879,151.5/157.3,
,CACNA1A,NA12880,151.42/157.22,
,CACNA1A,NA12881,148.59/157.21,
,CACNA1A,NA12882,148.62/148.62,
,CACNA1A,NA12883,148.58/148.58,
,CACNA1A,NA12884,148.56/157.15,
,CACNA1A,NA12885,151.43/157.2,
,CACNA1A,NA12886,148.62/151.51,
,CACNA1A,NA12887,151.51/157.28,
,CACNA1A,NA12888,148.54/148.54,
,CACNA1A,NA12889,151.35/157.07,
,CACNA1A,NA12890,148.44/154.19,
,CACNA1A,NA12891,148.36/151.24,
,CACNA1A,NA12892,148.4/154.13,
,CACNA1A,NA12893,148.48/148.48,
,ATXN10,reference,210,
,ATXN10,HG02970,197.78/207.97,
,ATXN10,HG00112,207.97/218.55,
,ATXN10,HG00113,197.84/207.99,
,ATXN10,HG00119,202.93/208.01,
,ATXN10,HG00268,208.01/218.56,
,ATXN10,HG03736,208.01/208.01,
,ATXN10,HG00731,202.92/208,
,ATXN10,HG00732,202.93/202.93,
,ATXN10,HG00766,192.67/192.67,
,ATXN10,NA18488,197.84/202.88,
,ATXN10,NA18939,197.84/218.47,
,ATXN10,NA18940,208.01/218.49,
,ATXN10,NA18941,202.93/208.01,
,ATXN10,NA18942,213.19/218.42,
,ATXN10,NA19238,202.95/208.06,
,ATXN10,NA19239,208.01/208.01,
,ATXN10,NA19434,197.84/207.97,
,ATXN10,NA20503,197.83/213.12,
,ATXN10,NA20504,208/213.12,
,ATXN10,NA20505,207.93/223.63,
,ATXN10,NA20506,208.01/208.01,
,ATXN10,NA20846,202.87/213.12,
,ATXN10,NA20847,207.99/213.19,
,ATXN10,NA20849,197.78/202.86,
,ATXN10,NA20862,202.84/218.42,
,ATXN10,NA24385,198.24/217.98,
,ATXN10,NA24149,208.47/217.95,
,ATXN10,NA24143,198.22/203.35,
,ATXN10,NA24631,208.41/208.41,
,ATXN10,NA24694,223.01/243.14,
,ATXN10,NA24695,208.38/208.38,
,ATXN10,NA12877,198.23/208.45,
,ATXN10,NA12878,203.35/217.88,
,ATXN10,NA12879,198.24/217.88,
,ATXN10,NA12880,198.22/217.85,
,ATXN10,NA12881,203.29/208.44,
,ATXN10,NA12882,154.11/208.47,
,ATXN10,NA12883,198.19/203.24,
,ATXN10,NA12884,154.07/208.43,
,ATXN10,NA12885,198.23/217.85,
,ATXN10,NA12886,198.31/203.33,
,ATXN10,NA12887,208.44/217.88,
,ATXN10,NA12888,208.44/217.8,
,ATXN10,NA12889,203.29/208.44,
,ATXN10,NA12890,198.31/203.35,
,ATXN10,NA12891,213.56/218.86,
,ATXN10,NA12892,198.22/203.37,
,ATXN10,NA12893,203.29/208.44,
,PHOX2B,reference,250,
,PHOX2B,HG02970,209.04/221.91,
,PHOX2B,HG00112,209.04/221.91,
,PHOX2B,HG00113,209.06/221.85,
,PHOX2B,HG00119,209.02/221.79,
,PHOX2B,HG00268,209.01/221.77,
,PHOX2B,HG03736,209.02/221.91,
,PHOX2B,HG00731,209/221.86,
,PHOX2B,HG00732,209.09/221.92,
,PHOX2B,HG00766,209.04/221.91,
,PHOX2B,NA18488,209.07/221.86,
,PHOX2B,NA18939,209.01/222,
,PHOX2B,NA18940,209.02/221.84,
,PHOX2B,NA18941,209.02/212.25,
,PHOX2B,NA18942,209.07/221.85,
,PHOX2B,NA19238,209.07/221.92,
,PHOX2B,NA19239,209.09/221.78,
,PHOX2B,NA19434,209.09/221.72,
,PHOX2B,NA20503,209.01/222,
,PHOX2B,NA20504,209.01/221.93,
,PHOX2B,NA20505,209/221.92,
,PHOX2B,NA20506,209.02/221.92,
,PHOX2B,NA20846,209.05/221.86,
,PHOX2B,NA20847,209.07/221.85,
,PHOX2B,NA20849,209.02/221.92,
,PHOX2B,NA20862,208.97/221.84,
,PHOX2B,NA24385 ,208.97/221.75,
,PHOX2B,NA24149,208.97/221.75,
,PHOX2B,NA24143,208.97/221.75,
,PHOX2B,NA24631,208.97/221.75,
,PHOX2B,NA24694,208.97/221.75,
,PHOX2B,NA24695,208.97/221.75,
,PHOX2B,NA12877,208.97/221.75,
,PHOX2B,NA12878,208.97/221.75,
,PHOX2B,NA12879,208.97/221.75,
,PHOX2B,NA12880,208.97/221.75,
,PHOX2B,NA12881,208.97/221.75,
,PHOX2B,NA12882,208.97/221.75,
,PHOX2B,NA12883,208.68/208.63,
,PHOX2B,NA12884,221.75/221.75,
,PHOX2B,NA12885,208.97/221.75,
,PHOX2B,NA12886,208.97/221.75,
,PHOX2B,NA12887,208.97/221.75,
,PHOX2B,NA12888,208.97/221.75,
,PHOX2B,NA12889,208.97/221.75,
,PHOX2B,NA12890,221.75/221.75,
,PHOX2B,NA12891,208.97/221.75,
,PHOX2B,NA12892,221.82/221.82,
,PHOX2B,NA12893,221.74/221.74,
,DMPK,reference,909,
,DMPK,HG02970,883.47/886.69,
,DMPK,HG00112,883.53/883.53,
,DMPK,HG00113,883.66/886.9,
,DMPK,HG00119,862.03/902.15,
,DMPK,HG00268,861.8/883.71,
,DMPK,HG03736,861.89/895.79,
,DMPK,HG00731,883.71/886.99,
,DMPK,HG00732,858.75/862.0,
,DMPK,HG00766,861.75/889.72,
,DMPK,NA18488,877.45/883.85,
,DMPK,NA18939,886.75/892.93,
,DMPK,NA18940,883.79/905.16,
,DMPK,NA18941,861.9/883.74,
,DMPK,NA18942,880.45/883.87,
,DMPK,NA19238,862.03/880.62,
,DMPK,NA19239,880.35/883.69,
,DMPK,NA19434,861.9/883.82,
,DMPK,NA20503,862.05/914.7,
,DMPK,NA20504,883.89/883.89,
,DMPK,NA20505,889.4/895.74,
,DMPK,NA20506,883.71/883.71,
,DMPK,NA20846,883.66/889.96,
,DMPK,NA20847,862.03/880.72,
,DMPK,NA20849,880.35/880.35,
,DMPK,NA20862,861.61/880.18,
,DMPK,NA24385 ,878.45/878.45,
,DMPK,NA24149,878.3/884.81,
,DMPK,NA24143,860/878.73,
,DMPK,NA24631,884.33/893.76,
,DMPK,NA24694,890.52/893.97,
,DMPK,NA24695,884.71/884.71,
,DMPK,NA12877,,
,DMPK,NA12878,,
,DMPK,NA12879,,
,DMPK,NA12880,,
,DMPK,NA12881,,
,DMPK,NA12882,,
,DMPK,NA12883,,
,DMPK,NA12884,,
,DMPK,NA12885,,
,DMPK,NA12886,,
,DMPK,NA12887,,
,DMPK,NA12888,,
,DMPK,NA12889,,
,DMPK,NA12890,,
,DMPK,NA12891,,
,DMPK,NA12892,,
,DMPK,NA12893,,
,JPH3,reference,135,
,JPH3,NA20849,120.0/120.0,
,JPH3,HG01112,138.96/138.96,
,JPH3,HG01113,132.99/139.02,
,JPH3,NA18488,133.08/133.08,
,JPH3,NA18941,133.02/136.03,
,JPH3,NA19238,139.23/139.23,
,JPH3,NA19434,114.86/132.95,
,JPH3,NA20506,132.94/135.95,
,JPH3,HG00268,132.84/138.89,
,JPH3,HG00731,132.92/132.92,
,JPH3,HG00732,132.92/138.95,
,JPH3,HG00766,135.9/135.9,
,JPH3,HG01119,133.01/133.01,
,JPH3,HG02970,132.93/135.94,
,JPH3,HG03736,117.94/138.96,
,JPH3,HG00268,138.96/141.97,
,JPH3,NA18939,136.01/136.01,
,JPH3,NA18940,132.95/135.96,
,JPH3,NA18942,133.03/133.03,
,JPH3,NA19239,132.94/132.94,
,JPH3,NA20503,138.96/138.96,
,JPH3,NA20504,133.03/139.02,
,JPH3,NA20505,132.99/132.99,
,JPH3,NA20846,132.93/141.97,
,JPH3,NA20847,132.97/139.09,
,JPH3,NA24385 ,,
,JPH3,NA24149,,
,JPH3,NA24143,,
,JPH3,NA24631,,
,JPH3,NA24694,,
,JPH3,NA24695,,
,JPH3,NA12877,138.34/138.34,
,JPH3,NA12878,132.37/138.34,
,JPH3,NA12879,132.33/138.41,
,JPH3,NA12880,132.34/138.35,
,JPH3,NA12881,138.41/138.41,
,JPH3,NA12882,138.33/138.33,
,JPH3,NA12883,138.41/138.41,
,JPH3,NA12884,138.33/138.33,
,JPH3,NA12885,132.34/138.33,
,JPH3,NA12886,138.4/138.4,
,JPH3,NA12887,138.33/138.33,
,JPH3,NA12888,138.33/138.33,
,JPH3,NA12889,138.33/141.44,
,JPH3,NA12890,132.2/138.26,
,JPH3,NA12891,132.2/138.26,
,JPH3,NA12892,132.26/138.28,
,JPH3,NA12893,138.33/138.33,
,FXN,reference,318,
,FXN,NA20849,323.97/323.97,
,FXN,HG01112,318.13/323.91,
,FXN,HG01113,323.99/323.99,
,FXN,NA18488,311.13/320.13,
,FXN,NA18941,318.13/321.14,
,FXN,NA19238,318.2/319.2,
,FXN,NA19434,318.13/318.13,
,FXN,NA20506,318.11/331.6,
,FXN,HG00268,317.98/323.86,
,FXN,HG00731,318.11/323.93,
,FXN,HG00732,318.07/318.07,
,FXN,HG00766,321.07/322.02,
,FXN,HG01119,324.06/324.06,
,FXN,HG02970,318.13/318.13,
,FXN,HG03736,318.13/321.01,
,FXN,HG00268,318.11/323.93,
,FXN,NA18939,318.2/324.0,
,FXN,NA18940,315.07/318.07,
,FXN,NA18942,321.08/324.0,
,FXN,NA19239,321.14/323.99,
,FXN,NA20503,323.85/323.85,
,FXN,NA20504,321.09/324.02,
,FXN,NA20505,321.15/322.1,
,FXN,NA20846,323.99/323.99,
,FXN,NA20847,323.99/344.98,
,FXN,NA24385 ,321.21/324.05,
,FXN,NA24149,323.91/356.46,
,FXN,NA24143,321.08/321.08,
,FXN,NA24631,318.18/318.18,
,FXN,NA24694,318.13/321.14,
,FXN,NA24695,318.07/321.08,
,FXN,NA12877,320.63/323.49,
,FXN,NA12878,322.64/322.64,
,FXN,NA12879,320.77/322.63,
,FXN,NA12880,320.49/323.34,
,FXN,NA12881,320.63/323.58,
,FXN,NA12882,320.7/323.64,
,FXN,NA12883,320.49/323.35,
,FXN,NA12884,320.7/323.63,
,FXN,NA12885,320.57/323.52,
,FXN,NA12886,320.56/323.42,
,FXN,NA12887,323.41/323.41,
,FXN,NA12888,323.58/323.58,
,FXN,NA12889,320.49/338.67,
,FXN,NA12890,,
,FXN,NA12891,,
,FXN,NA12892,,
,FXN,NA12893,,
,AFF2,reference,383,
,AFF2,NA20849,374/374,
,AFF2,HG01112,374/374,
,AFF2,HG01113,374/374,
,AFF2,NA18488,374/374,
,AFF2,NA18941,374/374,
,AFF2,NA19238,374/374,
,AFF2,NA19434,374/374,
,AFF2,NA20506,374/374,
,AFF2,HG00268,374/374,
,AFF2,HG00731,374/374,
,AFF2,HG00732,374/374,
,AFF2,HG00766,374/374,
,AFF2,HG01119,374/374,
,AFF2,HG02970,374/374,
,AFF2,HG03736,374/374,
,AFF2,HG00268,374/374,
,AFF2,NA18939,374/374,
,AFF2,NA18940,374/374,
,AFF2,NA18942,374/374,
,AFF2,NA19239,374/374,
,AFF2,NA20503,374/374,
,AFF2,NA20504,374/374,
,AFF2,NA20505,374/374,
,AFF2,NA20846,374/374,
,AFF2,NA20847,374/374,
,AFF2,NA24385 ,371.05/371.06,
,AFF2,NA24149,371.05/371.06,
,AFF2,NA24143,371.05/371.06,
,AFF2,NA24631,371.05/371.06,
,AFF2,NA24694,371.05/371.06,
,AFF2,NA24695,371.05/371.06,
,AFF2,NA12877,371.05/371.06,
,AFF2,NA12878,371.05/371.06,
,AFF2,NA12879,371.05/371.06,
,AFF2,NA12880,371.05/371.06,
,AFF2,NA12881,371.05/371.06,
,AFF2,NA12882,371.05/371.06,
,AFF2,NA12883,371.19/371.19,
,AFF2,NA12884,371.05/371.06,
,AFF2,NA12885,371.05/371.06,
,AFF2,NA12886,371.05/371.06,
,AFF2,NA12887,371.05/371.06,
,AFF2,NA12888,371.05/371.06,
,AFF2,NA12889,371.05/371.06,
,AFF2,NA12890,371.05/371.06,
,AFF2,NA12891,371.05/371.06,
,AFF2,NA12892,371.06/371.06,
,AFF2,NA12893,371.05/371.05,
,CNBP,reference,266,
,CNBP,NA20849,244.94/249.29,
,CNBP,HG01112,240.97/249.29,
,CNBP,HG01113,245.17/253.43,
,CNBP,NA18488,242.75/249.22,
,CNBP,NA18941,249.28/257.58,
,CNBP,NA19238,249.28/253.52,
,CNBP,NA19434,255.14/257.26,
,CNBP,NA20506,245.04/253.36,
,CNBP,HG00268,244.97/249.22,
,CNBP,HG00731,240.85/253.43,
,CNBP,HG00732,240.79/249.15,
,CNBP,HG00766,135.28/234.43,
,CNBP,HG01119,245.04/253.3,
,CNBP,HG02970,238.55/258.97,
,CNBP,HG03736,249.15/261.29,
,CNBP,HG00268,240.92/262.4,
,CNBP,NA18939,234.45/245.2,
,CNBP,NA18940,236.58/245.1,
,CNBP,NA18942,249.15/257.34,
,CNBP,NA19239,249.15/249.15,
,CNBP,NA20503,245.0/245.0,
,CNBP,NA20504,236.87/245.2,
,CNBP,NA20505,245.1/249.22,
,CNBP,NA20846,249.28/257.57,
,CNBP,NA20847,240.86/249.28,
,CNBP,NA24385 ,,
,CNBP,NA24149,,
,CNBP,NA24143,,
,CNBP,NA24631,,
,CNBP,NA24694,,
,CNBP,NA24695,,
,CNBP,NA12877,244.71/252.94,
,CNBP,NA12878,224.85/244.68,
,CNBP,NA12879,244.71/244.71,
,CNBP,NA12880,244.71/252.95,
,CNBP,NA12881,244.71/253.03,
,CNBP,NA12882,224.77/244.71,
,CNBP,NA12883,253.43/261.8,
,CNBP,NA12884,221.39/244.71,
,CNBP,NA12885,221.32/244.71,
,CNBP,NA12886,,
,CNBP,NA12887,,
,CNBP,NA12888,,"very confusing as well, show meliisa graph, problematic 917"
,CNBP,NA12889,,
,CNBP,NA12890,,
,CNBP,NA12891,263.36/263.36,
,CNBP,NA12892,,
,CNBP,NA12893,,
with M13 18bp,FOXL2,reference,628,
,FOXL2,NA20849,617/617,
,FOXL2,HG01112,617/617,
,FOXL2,HG01113,617/617,
,FOXL2,NA18488,617/617,
,FOXL2,NA18941,617/617,
,FOXL2,NA19238,617/617,
,FOXL2,NA19434,617/617,
,FOXL2,NA20506,617/617,
,FOXL2,HG00268,617/617,
,FOXL2,HG00731,617/617,
,FOXL2,HG00732,617/617,
,FOXL2,HG00766,617/617,
,FOXL2,HG01119,617/617,
,FOXL2,HG02970,617/617,
,FOXL2,HG03736,617/617,
,FOXL2,HG00268,617/617,
,FOXL2,NA18939,617/617,
,FOXL2,NA18940,617/617,
,FOXL2,NA18942,617/617,
,FOXL2,NA19239,617/617,
,FOXL2,NA20503,617/617,
,FOXL2,NA20504,617/617,
,FOXL2,NA20505,617/617,
,FOXL2,NA20846,617/617,
,FOXL2,NA20847,617/617,
,FOXL2,NA24385 ,615/615,
,FOXL2,NA24149,615/615,
,FOXL2,NA24143,615/615,
,FOXL2,NA24631,,
,FOXL2,NA24694,615/615,
,FOXL2,NA24695,615/615,
,FOXL2,NA12877,615/615,
,FOXL2,NA12878,615/615,
,FOXL2,NA12879,615/615,
,FOXL2,NA12880,615/615,
,FOXL2,NA12881,615/615,
,FOXL2,NA12882,615/615,
,FOXL2,NA12883,615/615,
,FOXL2,NA12884,615/615,
,FOXL2,NA12885,615/615,
,FOXL2,NA12886,615/615,
,FOXL2,NA12887,615/615,
,FOXL2,NA12888,615/615,
,FOXL2,NA12889,615/615,
,FOXL2,NA12890,615/615,
,FOXL2,NA12891,615/615,
,FOXL2,NA12892,615/615,
,FOXL2,NA12893,615/615,
,ZIC2,reference,396,
,ZIC2,NA20849,394/394,
,ZIC2,HG01112,394/394,
,ZIC2,HG01113,394/394,
,ZIC2,NA18488,394/394,
,ZIC2,NA18941,394/394,
,ZIC2,NA19238,394/394,
,ZIC2,NA19434,394/394,
,ZIC2,NA20506,394/394,
,ZIC2,HG00268,394/394,
,ZIC2,HG00731,394/394,
,ZIC2,HG00732,394/394,
,ZIC2,HG00766,394/394,
,ZIC2,HG01119,394/394,
,ZIC2,HG02970,394/394,
,ZIC2,HG03736,394/394,
,ZIC2,HG00268,394/394,
,ZIC2,NA18939,394/394,
,ZIC2,NA18940,394/394,
,ZIC2,NA18942,394/394,
,ZIC2,NA19239,394/394,
,ZIC2,NA20503,394/394,
,ZIC2,NA20504,394/394,
,ZIC2,NA20505,394/394,
,ZIC2,NA20846,394/394,
,ZIC2,NA20847,394/394,
,ZIC2,NA24385 ,,
,ZIC2,NA24149,394/394,
,ZIC2,NA24143,394/394,
,ZIC2,NA24631,,
,ZIC2,NA24694,394/394,
,ZIC2,NA24695,394/394,
,ZIC2,NA12877,394/394,
,ZIC2,NA12878,394/394,
,ZIC2,NA12879,394/394,
,ZIC2,NA12880,394/394,
,ZIC2,NA12881,394/394,
,ZIC2,NA12882,394/394,
,ZIC2,NA12883,394/394,
,ZIC2,NA12884,394/394,
,ZIC2,NA12885,394/394,
,ZIC2,NA12886,394/394,
,ZIC2,NA12887,394/394,
,ZIC2,NA12888,394/394,
,ZIC2,NA12889,394/394,
,ZIC2,NA12890,394/394,
,ZIC2,NA12891,394/394,
,ZIC2,NA12892,394/394,
,ZIC2,NA12893,394/394,
,HTT,reference,122,
,HTT,HG00112,105.31/119.86,
,HTT,HG00113,114.14/131.48,
,HTT,HG00119,105.29/114.14,
,HTT,HG00268,111.14/143.0,
,HTT,HG02970,108.19/119.93,
,HTT,HG03736,111.2/111.2,
,HTT,HG00731,68.03/111.12,
,HTT,HG00732,105.26/122.76,
,HTT,HG00766,111.13/114.07,
,HTT,NA12890,110.7/113.54,
,HTT,NA18488,105.33/125.74,
,HTT,NA18939,111.18/111.18,
,HTT,NA18940,111.14/111.14,
,HTT,NA18941,111.14/111.14,
,HTT,NA18942,111.18/111.18,
,HTT,NA19238,108.28/108.28,
,HTT,NA19239,105.33/108.24,
,HTT,NA19434,102.34/105.26,
,HTT,NA20503,111.19/111.19,
,HTT,NA20504,114.07/117.04,
,HTT,NA20505,108.29/125.65,
,HTT,NA20506,105.26/137.28,
,HTT,NA20846,111.24/111.24,
,HTT,NA20847,111.19/111.19,
,HTT,NA20847,122.76/128.6,
,HTT,NA20862,105.26/125.72,
,HTT,NA24385 ,111.18/131.57,
,HTT,NA24149,,
,HTT,NA24143,,
,HTT,NA24631,114.14/114.14,
,HTT,NA24694,,
,HTT,NA24695,,
,HTT,NA12877,110.77/110.77,
,HTT,NA12878,107.81/113.69,
,HTT,NA12879,110.84/113.77,
,HTT,NA12880,110.62/113.54,
,HTT,NA12881,110.77/113.69,
,HTT,NA12882,107.81/110.76,
,HTT,NA12883,110.7/113.54,
,HTT,NA12884,110.84/113.54,
,HTT,NA12885,110.75/113.61,
,HTT,NA12886,110.7/113.62,
,HTT,NA12887,107.77/110.7,
,HTT,NA12888,107.87/110.75,
,HTT,NA12889,110.7/128.02,
,HTT,NA12890,110.7/113.54,
,HTT,NA12891,,
,HTT,NA12892,107.77/122.26,
,HTT,NA12893,107.82/110.76,
,PPP2R2B,reference,168,
,PPP2R2B,HG00112,167.36/181.69,
,PPP2R2B,HG00113,167.48/184.67,
,PPP2R2B,HG00119,166.48/181.76,
,PPP2R2B,HG00268,167.3/167.3,
,PPP2R2B,HG02970,178.79/190.3,
,PPP2R2B,HG03736,181.75/187.46,
,PPP2R2B,HG00731,167.37/167.37,
,PPP2R2B,HG00732,175.99/178.85,
,PPP2R2B,HG00766,181.62/190.24,
,PPP2R2B,NA18488,176.05/178.91,
,PPP2R2B,NA18939,167.44/184.67,
,PPP2R2B,NA18940,167.35/176.0,
,PPP2R2B,NA18941,178.79/184.52,
,PPP2R2B,NA18942,167.41/167.41,
,PPP2R2B,NA19238,167.44/175.99,
,PPP2R2B,NA19239,160.69/167.41,
,PPP2R2B,NA19434,176.0/176.0,
,PPP2R2B,NA20503,167.44/181.77,
,PPP2R2B,NA20504,167.47/176.04,
,PPP2R2B,NA20505,167.37/178.84,
,PPP2R2B,NA20506,181.76/196.12,
,PPP2R2B,NA20846,176.04/181.77,
,PPP2R2B,NA20847,178.85/181.7,
,PPP2R2B,NA20847,167.37/167.37,
,PPP2R2B,NA20862,176.0/181.69,
,PPP2R2B,NA24385 ,,
,PPP2R2B,NA24149,,
,PPP2R2B,NA24143,,
,PPP2R2B,NA24631,,
,PPP2R2B,NA24694,193.99/193.99,
,PPP2R2B,NA24695,194.02/194.02,
,PPP2R2B,NA12877,164.76/164.76,test seperate
,PPP2R2B,NA12878,164.78/176.3,
,PPP2R2B,NA12879,164.78/164.78,
,PPP2R2B,NA12880,164.59/164.59,
,PPP2R2B,NA12881,164.77/164.77,
,PPP2R2B,NA12882,164.78/164.78,
,PPP2R2B,NA12883,164.54/176.02,
,PPP2R2B,NA12884,164.76/176.24,
,PPP2R2B,NA12885,164.71/164.71,
,PPP2R2B,NA12886,164.6/164.6,
,PPP2R2B,NA12887,164.6/164.6,
,PPP2R2B,NA12888,164.71/176.23,
,PPP2R2B,NA12889,164.62/164.62,
,PPP2R2B,NA12890,164.52/164.52,
,PPP2R2B,NA12891,176.02/181.76,
,PPP2R2B,NA12892,164.6/164.6,
,PPP2R2B,NA12893,164.69/164.69,