PrimerID,RefProductSize,NA12891,NA20506,NA24149,NA18488,HG01112,NA12883,NA20846,NA12889,NA20504,NA12892,NA19434,HG00731,HG01119,HG00268,NA24143,NA19238,NA12890,NA18942,NA20862,NA12882,NA18941,NA12887,NA20505,HG02970,HG00732,NA12880,NA20503,NA19239,NA12886,NA24695,NA12877,HG01113,NA20847,NA12881,NA18940,NA18939,NA12893,NA24385,NA12885,NA20849,NA12884,NA12878,NA12888,NA24694,HG03736,NA24631,HG00766,NA12879
chr8_50595021_TG,231,231.48/231.48,227.82/227.82,231.41/231.41,225.71/227.79,227.78/227.78,227.39/231.51,225.78/227.87,227.28/227.28,227.79/227.79,229.39/231.38,225.68/227.82,229.91/231.97,227.84/227.84,227.86/231.96,227.39/231.51,225.78/227.8,227.35/227.35,227.8/227.8,225.8/231.97,227.31/231.4,227.9/229.96,227.3/231.42,227.84/227.84,225.82/225.82,225.77/229.91,227.39/231.51,227.79/231.94,225.7/227.84,227.31/231.4,227.36/227.36,227.36/227.36,227.78/227.78,227.79/227.79,227.31/231.45,225.76/227.83,227.83/231.96,227.37/231.42,227.35/231.45,227.39/231.43,227.82/227.82,227.39/231.51,231.45/231.45,227.34/231.47,227.33/227.33,231.92/236.0,227.32/227.32,227.8/227.8,227.41/231.5
chr20_42508128_TG,234,233.34/235.3,233.84/243.4,233.31/233.31,241.37/241.37,233.85/233.85,233.36/240.75,236.81/241.32,233.35/240.75,233.88/236.82,233.32/233.32,234.75/241.31,233.88/233.88,233.87/233.87,233.84/233.84,233.34/235.37,241.32/241.32,233.29/233.29,233.89/233.89,233.82/235.87,233.34/233.34,233.84/236.77,233.31/240.75,233.85/233.85,233.84/243.44,233.88/233.88,233.38/233.38,233.86/233.86,233.8/247.27,233.35/233.35,233.37/235.35,233.32/240.75,233.86/241.37,233.88/235.93,233.36/240.82,236.84/236.84,236.82/236.82,233.31/240.75,233.33/233.33,233.31/233.31,233.86/236.78,233.32/233.32,233.36/233.36,233.36/233.36,233.24/233.24,233.84/233.84,233.3/233.3,233.84/236.77,233.32/233.32
CACNA1A,159,148.36/151.24,146.56/146.56,146.37/149.23,146.65/146.65,146.53/146.53,148.58/148.58,152.5/152.5,151.35/157.07,152.5/152.5,148.4/154.13,132.15/146.6,146.69/146.69,152.45/152.45,146.58/146.58,146.6/149.5,146.65/149.54,148.44/154.19,146.72/161.25,146.31/152.09,148.62/148.62,146.6/152.41,151.51/157.28,149.36/152.31,134.96/152.34,146.63/152.45,151.42/157.22,146.65/152.49,146.49/146.49,148.62/151.51,152.49/152.49,148.55/157.22,146.69/149.57,152.49/152.49,148.59/157.21,146.49/155.25,146.65/152.49,148.48/148.48,146.73/146.73,151.43/157.2,146.48/146.48,148.56/157.15,148.62/151.51,148.54/148.54,152.49/152.49,134.97/146.55,152.47/152.47,152.27/152.27,151.5/157.3
chr9_6685998_TTA,268,266.54/266.54,284.91/287.99,266.54/266.54,266.54/287.95,266.6/284.96,266.6/284.96,285.02/285.02,266.6/284.96,266.6/266.6,266.6/266.46,266.6/284.96,266.6/284.96,266.6/284.96,266.6/266.6,266.54/285.01,266.6/266.6,266.54/266.54,266.6/266.6,266.6/288,266.54/266.54,266.6/266.6,266.54/266.54,266.6/266.6,266.6/269.81,266.6/266.6,266.54/266.54,266.6/266.6,266.6/288.05,266.54/266.54,266.54/281.98,266.54/266.54,266.6/266.6,266.6/266.6,266.54/266.54,288.02/288.02,287.99/290.97,266.48/266.48,266.54/266.54,266.54/266.54,266.6/285.01,266.54/266.54,266.54/266.54,266.54/266.54,288.04/291.07,266.6/284.96,266.54/291.04,284.9/290.97,266.54/266.54
chr10_72427734_AT,222,199.33/199.33,199.24/221.64,219.77/221.77,199.24/199.24,199.24/217.55,199.4/199.4,199.32/217.51,199.33/217.66,199.24/219.61,199.33/199.33,211.35/231.51,199.25/199.25,199.24/211.34,199.25/219.61,199.33/219.69,199.24/199.24,199.33/221.7,217.56/219.61,199.24/219.61,199.33/199.33,217.51/217.51,199.33/199.33,199.24/199.24,199.17/199.17,199.17/199.17,199.32/199.32,199.24/223.68,217.48/231.58,199.33/199.33,217.66/217.66,199.33/199.33,199.24/199.24,199.24/199.24,199.33/199.33,219.61/221.64,217.51/217.51,199.33/199.33,219.69/219.69,199.4/199.4,215.4/219.61,199.32/199.32,199.33/199.33,199.4/199.4,217.62/217.62,223.59/231.52,217.62/217.62,217.48/219.61,199.33/199.33
SCA3,120,115.14/145.02,127.07/142.47,136.2/142.13,168.69/171.6,142.52/154.17,142.21/153.81,142.56/154.23,133.39/142.2,136.69/142.56,142.12/156.62,142.47/154.13,139.58/142.55,136.69/142.54,115.49/142.45,114.79/153.45,115.52/139.65,145.02/153.74,115.54/160.0,115.51/133.69,142.21/142.21,115.51/145.43,142.22/153.79,115.46/136.64,115.51/145.43,115.5/159.93,142.2/153.76,115.51/154.18,127.02/127.02,142.22/142.22,114.79/133.13,142.2/153.76,115.51/142.55,115.54/142.56,145.1/153.81,115.45/115.45,145.47/160.0,142.2/142.2,141.83/153.45,142.21/145.11,115.51/136.69,145.15/153.76,142.21/145.11,145.12/153.79,114.86/114.86,115.51/129.9,114.79/114.79,151.11/154.04,142.28/153.84
chr3_46654755_TG,315,312.23/312.23,312.98/315.07,312.22/316.49,312.98/315.07,315.07/317.26,312.1/314.08,315.0/315.0,314.31/314.31,315.13/315.13,312.22/314.16,317.2/317.2,312.86/314.99,315.07/317.26,315.0/317.2,314.31/314.31,315.07/315.07,312.16/312.16,315.07/315.07,313.05/315.12,312.23/314.31,312.92/315.07,312.15/314.31,315.02/315.02,312.9/315.08,312.91/315.07,312.15/312.15,315.07/315.07,312.86/317.2,312.16/312.16,312.22/314.31,312.22/314.31,312.91/312.91,312.98/312.98,312.15/314.16,315.08/315.08,312.86/315.0,312.15/314.16,311.88/314.0,312.23/312.23,315.09/315.09,312.22/314.16,312.16/314.15,312.22/312.22,312.08/312.08,314.93/314.93,312.09/312.09,314.95/314.95,312.15/314.16
chr5_18768193_GT,173,161.68/161.68,162.01/162.01,161.6/161.6,162.01/164.08,172.31/176.56,161.53/161.53,164.08/176.52,161.69/167.92,157.83/178.64,161.61/161.61,162.01/164.08,161.93/161.93,162.0/168.24,161.95/161.95,167.93/171.96,162.01/174.47,161.6/161.6,162.01/172.27,164.1/168.24,161.53/161.53,161.99/164.06,161.6/161.6,172.44/179.66,157.8/161.98,168.23/172.26,161.62/161.62,161.94/161.94,162.0/164.06,161.61/161.61,165.84/176.26,161.54/167.92,161.93/174.49,161.87/170.28,161.61/167.91,168.23/172.33,162.01/177.61,161.61/167.96,161.67/167.9,161.62/161.62,161.93/168.26,161.62/167.92,161.61/161.61,161.61/161.61,167.93/176.21,162.0/170.32,165.83/167.87,164.03/164.03,161.61/161.61
chr15_53480481_AC,318,309.69/321.68,315.63/325.68,315.61/315.61,300.21/315.63,315.52/325.45,309.77/317.69,311.64/311.64,319.77/319.77,319.84/323.75,311.72/325.62,317.61/325.56,311.72/319.77,311.72/311.72,319.69/325.57,315.61/319.77,309.68/313.56,309.69/317.69,311.64/319.84,315.63/319.77,309.66/319.77,319.77/319.77,309.69/319.69,311.66/319.77,317.69/327.54,315.63/317.74,317.74/325.64,321.77/325.71,317.69/317.69,317.69/325.59,319.77/319.77,317.74/319.84,311.65/311.65,313.63/317.74,309.75/319.77,319.77/319.77,307.73/319.84,319.84/325.7,315.59/319.7,309.75/317.77,315.61/319.77,309.75/317.69,309.69/325.66,317.74/325.64,303.93/311.67,321.6/321.6,303.9/319.77,319.77/323.72,309.77/317.77
chr9_36061394_AC,266,274.73/274.73,263.27/270.95,263.1/263.1,259.42/270.99,263.2/272.86,263.09/263.09,278.66/284.45,263.11/272.79,270.96/276.74,263.05/266.91,259.36/259.36,263.22/269.0,265.22/265.22,265.18/265.18,263.11/270.79,259.42/263.29,266.9/270.79,263.24/265.18,271.0/272.86,263.09/263.09,263.22/276.75,270.84/274.66,265.15/267.07,259.36/267.05,263.29/265.22,263.04/263.04,263.23/282.55,259.36/267.07,263.09/263.09,264.96/274.63,263.1/270.83,270.93/272.85,263.3/271.03,263.03/263.03,263.28/267.13,263.29/265.22,263.04/263.04,263.09/270.79,263.04/274.63,253.67/274.83,263.04/274.7,263.09/274.67,270.8/274.71,259.2/264.93,263.21/270.95,259.19/265.0,253.6/259.36,263.1/274.72
chr12_70011632_AG,238,228.13/251.4,229.04/240.59,245.52/249.48,238.64/248.43,229.02/234.79,228.13/255.3,234.81/246.42,240.67/256.33,229.11/246.52,228.17/244.55,227.08/248.37,242.43/254.31,248.38/248.38,234.61/246.33,233.87/233.87,229.08/234.82,239.71/240.67,229.04/238.63,234.75/246.37,243.53/257.23,240.52/248.37,243.48/255.26,240.67/240.67,229.07/236.67,232.84/238.57,228.16/239.71,229.11/246.44,229.02/234.75,243.56/255.34,233.88/251.39,239.79/255.33,229.08/229.08,229.07/234.74,243.56/255.37,234.77/256.24,228.99/234.74,228.1/239.71,233.79/245.48,243.56/255.3,246.45/250.36,228.17/239.71,228.2/243.53,243.58/255.38,228.14/243.59,229.05/238.57,233.9/243.58,234.76/238.59,228.08/239.64
chr11_85908552_TAGA,228,222.08/226.05,221.83/225.76,222.07/222.07,205.76/221.93,217.91/221.91,221.99/225.95,221.83/225.76,217.92/221.99,225.87/229.92,222.08/226.07,205.69/225.84,221.83/225.76,221.94/225.94,221.83/225.76,217.93/226.02,221.83/225.76,217.93/217.93,225.95/225.95,221.93/225.92,217.98/226.11,222/222,217.98/226.05,225.9/225.9,225.95/233.82,221.83/225.76,222.08/226.07,222/225.87,217.85/221.84,218.0/226.04,205.97/226.05,217.93/222.08,225.85/225.85,225.91/225.91,222.08/226.05,205.76/225.99,222/225.99,218.05/226.05,217.98/222.01,217.98/226.08,205.7/213.7,222.07/226.04,226.04/226.04,222.08/226.06,209.79/230.04,217.9/221.93,225.99/229.96,221.83/221.83,222.07/226.04
SCA2,130,119.08/121.9/132.15,90.12/119.57,119.72/132.49/143.95,119.71/122.57/132.48,119.64/119.64,119.02/132.13,119.71/132.45,119.02/132.13,119.71/132.52,119.08/121.9/132.15,119.57/132.42,119.71/122.57/132.48,119.72/122.56/132.47,119.44/133.94,119.72/132.47,119.71/122.57/132.45,119.02/132.13,110.87/119.71,119.57/119.57,119.16/119.16,119.57/119.57,119.16/121.99,119.57/122.5/132.49,122.47/125.49/132.45,119.57/132.43,119.16/119.16,119.57/132.42,98.97/119.5,119.16/119.16,119.79/119.79,119.16/119.16,122.56/125.39/132.46,119.71/119.71,119.02/132.13,119.57/119.57,119.64/132.43,119.02/119.02,119.65/120.7/143.86,119.16/119.16,119.71/132.45,119.16/119.16,119.08/121.9/132.15,119.16/119.16,119.44/132.44,119.57/132.43,119.57/119.57,119.43/119.43,119.16/121.99
PPP2R2B,168,176.02/181.76,181.76/196.12,163.72/188.24,176.05/178.91,166.36/181.69,163.57/176.02,176.04/181.77,163.81/163.81,166.5/176.04,163.81/163.81,176.0/176.0,166.41/166.41,166.48/181.76,166.35/166.35,163.72/188.24,166.44/175.99,163.81/163.81,166.45/166.45,176.0/181.69,163.81/163.81,178.79/184.52,163.81/163.81,166.41/178.84,178.79/190.3,175.99/178.85,163.81/163.81,166.48/181.77,160.69/166.39,163.81/163.81,172.78/182.38,163.72/163.72,166.48/184.67,166.41/166.41,163.81/163.81,166.39/176.0,166.48/184.67,163.81/163.81,163.72/188.24,163.81/163.81,178.85/181.7,163.57/176.24,163.81/176.3,163.74/176.23,182.46/188.24,181.75/187.46,172.83/182.51,181.62/190.24,163.81/163.81
PAPBN1,263,260.13/260.13,260.13/260.13,260.26/260.26,260.26/260.26,260.13/260.13,260.13/260.13,260.2/260.2,260.27/260.27,260.2/260.2,260.27/260.27,260.13/260.13,260.13/260.13,260.13/260.13,260.13/260.13,260.13/260.13,260.2/260.2,260.2/260.2,260.26/260.26,260.13/260.13,260.13/260.13,260.13/260.13,260.07/260.07,260.2/260.2,260.2/260.2,260.13/260.13,260.27/260.27,260.26/260.26,260.07/260.07,260.13/260.13,260.2/260.2,260.2/260.2,260.2/260.2,260.27/260.27,260.2/260.2,260.27/260.27,260.2/260.2,260.2/260.2,260/260,260.5/260.5,260.13/260.13,260.2/260.2,260.13/260.13,260.2/260.2,260.13/260.13,260.07/260.07,260.13/260.13,260.07/260.07,260.13/260.13
ATXN10,210,213.56/218.86,208.01/208.01,208.47/217.95,197.84/202.88,207.97/218.55,198.19/203.24,202.87/213.12,203.29/208.44,208/213.12,198.22/203.37,197.84/207.97,202.92/208,202.93/208.01,208.01/218.56,198.22/203.35,202.95/208.06,198.31/203.35,213.19/218.42,202.84/218.42,154.11/208.47,202.93/208.01,208.44/217.88,207.93/223.63,197.78/207.97,202.93/202.93,198.22/217.85,197.83/213.12,208.01/208.01,198.31/203.33,208.38/208.38,198.23/208.45,197.84/207.99,207.99/213.19,203.29/208.44,208.01/218.49,197.84/218.47,203.29/208.44,198.24/217.98,198.23/217.85,197.78/202.86,154.07/208.43,203.35/217.88,208.44/217.8,223.01/243.14,208.01/233.8,208.41/208.41,192.67/213.13,198.24/217.88
chr13_75404064_AC,241,237.09/254.36,236.65/238.48,237.13/254.39,240.46/249.15,251.09/254.79,237.11/237.11,236.65/236.65,237.13/239.0,251.1/251.1,237.13/252.49,236.52/254.92,236.71/262.46,236.71/254.95,236.67/251.02,237.12/237.12,240.46/264.5,237.11/252.43,236.7/236.7,229.42/238.55,237.11/237.11,236.66/236.66,237.08/237.08,236.64/236.64,251.12/254.91,236.66/254.92,237.13/237.13,236.7/254.91,240.4/254.91,237.12/237.12,237.07/237.07,237.06/237.06,236.64/236.64,236.72/236.72,237.07/237.07,236.64/236.64,236.69/236.69,237.1/237.1,237.13/237.13,237.07/237.07,236.68/236.68,237.07/237.07,237.13/237.13,237.07/237.07,237.06/237.06,236.65/238.48,237.04/237.04,236.58/236.58,237.13/237.13
chr16_62573638_AATA,262,258.02/261.91,250.07/257.95,250.07/258.04,250.15/254.05,257.83/257.83,258.02/258.02,258.02/258.02,258.02/258.02,250.07/258.0,258.02/261.92,250.0/257.89,257.93/257.93,257.94/257.94,257.93/257.93,257.96/265.64,250.15/258.02,258.02/258.02,258.0/258.0,250.07/258.0,257.96/257.96,257.96/257.96,258.02/258.02,257.96/261.9,254.02/257.96,254.05/258.02,258.0/258.0,258.0/261.92,257.96/257.96,257.96/257.96,250.07/258.02,258.02/258.02,258.0/258.0,257.95/257.95,258.02/258.02,250.15/261.9,250.15/258.02,258.0/258.0,257.96/257.96,258.02/258.02,257.96/257.96,258.0/258.0,257.96/257.96,258.0/258.0,250.07/257.95,257.81/257.81,257.9/257.9,261.9/261.9,257.94/257.94
chr1_106950468_GT,193,177.75/194.55,184.03/192.36,184.08/184.08,177.7/177.7,183.98/183.98,184.08/197.69,183.98/188.18,184.04/197.69,183.97/183.97,184.08/186.19,211.35/211.35,183.95/183.95,183.98/188.18,183.95/194.49,184.05/192.49,188.2/188.2,184.08/188.22,183.98/190.25,183.97/183.97,184.06/184.06,183.97/192.42,177.74/184.08,183.95/188.12,177.64/188.16,183.95/190.25,184.09/197.52,183.99/192.39,188.12/194.48,184.06/184.06,184.09/190.36,184.08/197.76,183.98/183.98,183.97/188.15,177.8/184.07,192.42/192.42,192.34/192.34,184.07/197.68,184.05/184.05,177.74/197.69,188.12/192.37,177.81/184.09,177.75/184.06,177.73/197.76,186.16/190.36,183.97/183.97,184.1/190.35,184.01/194.51,177.74/184.07
HTT,122,113.54/113.54,105.26/137.28,110.77/110.77,105.33/125.74,105.31/119.86,110.7/113.54,111.24/111.24,110.7/128.02,114.07/117.04,107.77/122.26,102.34/105.26,111.12/114.07,105.29/114.14,111.14/143.0,110.77/119.93,108.28/108.28,110.7/113.54,111.18/111.18,105.26/125.72,107.81/110.76,111.14/111.14,107.77/110.7,108.29/125.65,108.19/119.93,105.26/122.76,110.62/113.54,111.19/111.19,105.33/108.24,110.7/113.62,110.84/113.77,110.77/110.77,114.14/131.48,111.19/111.19,110.77/113.69,111.14/111.14,111.18/111.18,107.82/110.76,111.18/131.57,110.75/113.61,122.76/128.6,110.84/113.54,107.81/113.69,107.87/110.75,110.84/113.77,111.2/111.2,114.14/114.14,111.13/114.07,110.84/113.77
chr13_102648430_GT,229,214.15/214.15,214.62/229.42,214.08/214.08,233.51/235.56,214.62/216.8,214.08/214.08,214.62/214.62,214.08/214.08,214.62/214.62,228.93/228.93,214.68/235.57,214.62/214.62,233.53/233.53,214.61/237.62,214.08/228.85,214.62/233.58,228.92/233.03,214.62/214.62,229.42/229.42,228.92/233.03,214.62/233.54,214.08/232.98,233.52/235.54,216.8/216.8,229.39/241.76,214.08/233.01,214.62/231.46,216.83/229.43,228.89/232.99,214.08/230.94,214.08/233.01,227.33/241.7,214.62/214.62,214.16/232.97,214.63/239.61,233.49/233.49,214.15/214.15,214.08/214.08,228.9/232.97,214.68/229.4,214.08/228.9,214.16/228.93,214.08/232.97,214.08/230.99,231.48/233.53,230.93/230.93,214.62/233.46,214.08/214.08
chr11_36246191_AATA,209,203.86/207.82,207.71/207.71,203.91/207.85,207.71/207.71,203.76/207.69,192.01/203.84,207.71/207.71,192.12/203.87,207.74/215.79,203.88/207.87,195.96/203.76,199.85/207.71,203.76/207.69,199.78/203.72,192.08/199.93,203.77/207.71,203.84/203.84,203.79/203.79,191.94/211.72,192.13/203.91,203.77/207.71,203.91/203.91,203.76/207.69,203.81/211.67,191.88/207.71,192.06/203.88,192.01/192.01,203.77/203.77,203.87/203.87,200.07/203.95,192.12/203.94,207.62/207.62,199.85/215.8,203.93/203.93,203.77/207.71,203.84/203.84,203.94/207.9,192.06/207.8,203.93/207.89,191.97/203.85,203.88/207.8,203.91/207.77,192.09/207.86,202.87/203.83,191.89/191.89,200/203.87,203.72/207.69,203.91/207.77
chr10_57337770_CA,217,201.76/207.52,199.77/201.73,205.58/205.58,201.72/201.72,201.72/205.56,199.33/199.33,205.57/205.57,203.6/207.51,203.69/205.57,201.77/201.77,199.85/201.7,205.58/205.58,203.65/209.44,203.58/205.53,205.59/209.45,199.77/205.56,199.85/205.63,199.77/203.62,203.58/207.41,199.85/201.77,203.61/205.57,207.56/207.56,205.57/209.5,203.58/207.49,205.5/209.39,201.78/207.52,203.67/207.45,201.71/217.24,199.85/207.56,205.65/209.47,205.59/209.45,203.6/205.56,201.72/205.55,199.33/207.61,197.88/203.61,205.53/209.49,199.85/207.53,205.56/209.47,201.77/207.55,203.66/209.45,207.52/207.52,201.77/207.63,199.85/207.61,203.7/211.45,205.57/207.54,203.67/205.59,207.46/207.46,207.53/207.53
chr2_1273636_TA,240,236.61/236.61,237.15/237.15,236.67/236.67,235.22/235.22,235.19/237.16,236.69/236.69,237.2/237.2,234.66/236.61,237.2/237.2,234.71/236.67,237.16/237.16,237.2/237.2,237.2/237.2,237.15/237.15,234.65/236.68,235.15/237.13,236.62/236.62,237.21/237.21,237.14/237.14,236.68/236.68,237.15/237.15,234.7/236.67,235.15/237.16,237.16/237.16,237.2/237.2,236.74/236.74,237.19/237.19,235.17/237.17,234.73/236.69,236.66/236.66,234.71/236.67,235.21/237.19,235.22/237.2,236.65/236.65,235.15/235.15,235.22/237.2,236.67/236.67,234.64/236.6,234.7/236.67,237.16/237.16,234.71/236.67,236.69/236.69,236.65/236.65,236.59/236.59,235.11/237.15,236.63/236.63,235.21/237.16,236.67/236.67
chr13_81527591_CTAT,304,305.79/309.76,310.27/310.27,313.85/313.85,302.21/306.18,306.13/306.13,309.89/309.89,310.27/314.4,305.81/309.91,306.24/310.32,301.76/309.84,310.28/310.28,302.1/306.14,310.31/310.31,310.23/310.23,309.85/309.85,298.19/314.4,301.75/308.67,306.27/313.3,306.21/310.27,309.9/309.9,310.28/314.46,309.78/309.78,302.2/306.19,302.2/306.2,310.28/310.28,309.86/309.86,298.25/310.38,302.14/310.24,301.84/308.73,309.87/309.87,309.78/309.78,310.32/314.4,306.31/314.46,301.82/308.7,310.31/314.41,306.27/309.2,309.89/309.89,309.84/313.85,301.82/308.7,306.24/306.24,301.69/309.92,301.82/309.86,309.78/309.78,309.89/309.89,306.25/314.4,309.84/309.84,305.09/313.29,309.81/309.81
chr4_136965932_AT,186,187.66/193.72,187.44/187.44,187.7/187.7,187.46/189.42,187.49/187.49,177.73/187.72,187.47/187.47,187.7/187.7,177.42/193.55,187.73/193.76,183.39/183.39,187.39/187.39,187.47/191.45,187.45/187.45,193.73/193.73,177.42/189.5,177.73/187.75,177.41/189.46,177.43/187.51,187.75/193.73,177.44/189.5,187.7/187.7,187.45/187.45,177.46/185.42,187.44/187.44,187.7/193.78,187.47/193.55,183.44/199.53,187.75/193.81,187.73/189.71,177.79/187.74,177.48/187.5,177.43/189.49,177.72/193.78,177.47/189.49,189.46/189.46,177.72/187.7,187.69/193.7,187.73/187.73,187.45/187.45,187.77/193.78,187.66/193.72,177.71/187.81,189.76/189.76,187.49/189.5,187.72/189.76,187.38/189.42,177.73/187.69
chr15_80839290_GT,202,213.85/213.85,207.52/207.52,207.52/207.52,205.46/209.6,207.4/207.4,213.85/215.95,205.5/207.6,207.64/216.03,203.43/207.49,207.55/213.92,209.43/215.87,203.43/207.49,207.44/218.13,205.49/209.61,205.46/207.55,221.42/225.57,205.5/213.85,218.21/218.21,207.56/207.56,213.92/216.08,218.13/218.13,213.85/216.03,205.46/207.47,205.46/220.3,205.46/205.46,205.52/213.85,203.43/207.49,205.39/211.74,205.5/213.85,207.55/207.55,205.44/216.05,205.5/209.62,205.46/205.46,213.92/216.11,205.48/209.65,207.44/213.92,213.92/216.11,207.56/207.56,213.92/216.03,205.46/219.46,213.92/215.97,213.85/213.85,205.52/213.85,207.52/215.87,205.28/218.05,207.56/207.56,207.56/216.0,213.85/216.03
chr1_217937145_AAAT,198,175.51/191.26,191.08/198.19,175.49/191.23,175.4/191.17,175.5/191.2,175.63/191.3,175.5/175.5,175.61/195.2,175.42/191.12,175.55/175.55/,175.42/191.09,175.44/191.08,175.42/191.09,191.08/191.08,175.56/191.22,183.42/183.42,175.55/191.23,175.48/191.17,191.2/191.2,175.55/175.55,191.13/195.0,175.55/191.23,175.44/191.08,175.36/183.2,175.44/191.08,175.61/175.61,175.48/191.17,175.44/191.0,175.55/175.55,175.53/191.27,175.55/175.55,175.48/191.09,175.5/195.07,175.53/175.53,175.36/191.13,175.42/175.42,175.53/191.22,175.58/191.22,175.55/175.55,175.44/187.14,175.61/175.61,175.57/191.25,175.53/191.23,191.26/199.11,175.42/195.08,175.58/199.11,175.45/175.45,175.47/191.22
chr1_6733191_CA,175,171.3/190.59,173.21/182.81,182.79/186.72,175.09/180.92,171.28/173.18,171.32/182.87,173.2/186.73,182.87/182.87,173.2/173.2,173.2/173.2,171.29/173.2,171.25/173.16,171.21/171.21,173.21/173.21,171.27/173.23,186.68/188.58,180.98/186.71,173.18/184.83,169.34/177.04,173.21/182.86,190.59/192.57,171.32/180.98,173.15/184.79,182.81/188.58,171.24/182.74,173.26/182.88,173.2/184.75,173.15/173.15,173.28/182.86,173.25/184.85,180.98/182.87,173.18/184.75,184.73/186.71,173.25/181.06,190.6/194.47,171.29/173.2,171.28/180.98,171.31/186.67,171.32/182.8,171.28/184.78,173.26/182.8,171.35/173.23,171.28/182.81,173.28/173.28,173.2/184.8,173.26/184.85,173.18/184.85,171.31/182.79
chr1_76108862_GT,268,261.23/263.34,259.04/263.25,263.35/263.35,244.43/244.43,259.04/261.12,259.13/259.13,263.18/263.18,259.13/263.36,263.26/263.26,259.13/263.35,261.1/263.24,263.16/263.16,259.04/263.19,244.44/259.05,259.13/265.43,244.44/244.44,259.13/263.28,259.03/263.2,259.04/263.26,259.13/259.13,263.18/263.18,259.13/261.17,259.05/263.17,244.45/267.37,244.45/259.05,258.18/259.13,244.44/259.04,263.18/263.18,259.13/259.13,259.2/263.36,259.13/259.13,244.44/263.2,244.44/259.05,259.13/261.24,263.18/263.18,244.48/263.2,259.06/259.06,263.25/265.34,259.13/261.17,259.04/259.04,259.13/259.13,259.13/261.16,259.13/261.17,259.06/263.27,258.96/263.2,259.07/263.25,263.22/263.22,259.13/261.24
chr4_46950717_AAAT,308,324.81/324.81,305.15/325.34,304.54/320.74,305.15/305.15,305.15/321.9,324.74/324.74,305.24/325.42,304.57/320.74,321.45/325.47,304.61/324.84,305.15/321.39,321.26/325.27,305.18/325.37,305.12/317.2,304.55/304.55,305.18/305.18,320.88/324.82,305.21/317.33,305.19/321.89,304.51/304.51,305.21/321.9,304.55/304.55,305.11/305.11,321.93/325.37,305.14/321.39,324.78/324.78,305.18/305.18,305.15/305.15,324.82/324.82,304.61/328.75,304.57/324.78,321.4/325.37,325.4/329.32,304.57/324.78,305.19/325.36,305.15/325.39,304.57/324.76,304.5/304.5,304.54/304.54,305.2/317.75,324.84/324.84,304.58/324.82,324.77/324.77,304.6/324.74,305.15/305.15,304.57/304.57,305.12/329.31,304.58/324.76
chr6_84874972_AC,248,241.49/245.37,241.95/245.85,243.38/245.29,243.93/251.67,243.9/245.85,241.49/243.44,240.07/249.74,239.64/243.48,245.89/245.89,245.4/245.4,240.0/245.85,243.9/243.9,245.85/245.85,243.84/245.79,239.5/245.29,243.93/249.74,243.44/245.38,247.83/259.3,243.9/249.74,243.48/245.41,245.82/259.3,241.49/243.43,240.07/245.89,245.87/253.6,243.87/245.81,241.57/243.43,240.07/243.93,240.0/245.82,243.48/245.41,243.51/256.99,243.51/243.51,245.89/245.89,240.07/249.74,243.51/245.45,255.46/259.3,253.6/257.45,243.43/245.37,245.3/245.3,241.57/243.43,243.9/245.85,243.51/245.38,241.48/245.33,243.44/245.38,245.37/258.9,245.78/245.78,256.89/258.84,245.83/245.83,241.55/243.48
chr1_242233155_AATG,249,248.1/252.18,248.96/253.02,252.12/256.14,248.96/248.96,248.96/256.99,252.18/252.18,244.93/249.03,252.2/252.2,249.11/253.09,248.16/248.16,249.04/249.04,248.96/248.96,256.99/256.99,249.03/256.99,248.16/252.18,249.1/257.07,248.09/248.09,248.96/253,252.95/256.99,248.16/248.16,248.96/257.04,248.16/248.16,249.03/253.02,248.96/256.99,252.97/257.04,248.22/248.22,248.89/253.02,249.04/249.04,252.18/252.18,248.22/256.21,248.16/252.18,248.96/253.02,248.93/256.99,252.25/252.25,248.97/248.97,244.89/248.96,248.15/252.18,248.16/252.17,248.15/252.18,248.96/248.96,248.22/252.2,248.18/252.18,252.2/252.2,248.16/248.16,256.94/256.94,248.18/248.18,248.96/248.96,248.16/252.19
SCA7,308,292.69/292.69,294.57/300.31,292.56/292.56,297.97/297.97,300.13/300.13,292.56/298.27,294.99/294.99,292.25/292.25,294.99/303.57,292.5/298.27,294.57/294.57,294.55/294.55,294.55/294.55,294.55/294.55,292.52/301.15,295.06/295.06,292.64/292.64,295.05/295.05,295.04/295.04,292.54/298.26,294.63/294.63,292.63/292.63,300.43/300.43,294.66/294.66,294.55/300.37,292.04/292.04,295.04/300.74,294.63/297.54,292.62/292.62,292.71/298.41,291.77/291.77,294.05/305.53,295.04/295.04,292.18/297.93,294.76/294.76,300.87/300.87,292.36/292.36,292.61/301.3,292.25/292.25,294.56/300.31,292.44/298.2,292.15/297.85,292.43/292.43,292.61/292.61,294.56/294.56,292.39/298.14,294.51/294.51,292.2/292.2
chr6_50207587_TCTA,411,413.93/418.1,413.57/413.57,413.93/413.93,409.52/413.57,413.57/417.71,418.05/418.05,413.57/417.75,413.93/418.1,413.63/417.71,414.0/418.1,405.52/417.69,417.69/417.69,413.63/421.77,413.57/413.57,413.93/418.05,417.69/417.69,413.93/413.93,413.57/417.75,417.69/417.69,413.93/418.1,413.63/417.71,413.93/413.93,413.57/413.57,413.56/417.64,417.65/417.65,413.93/413.93,413.63/413.63,413.63/417.71,418.05/418.05,418.12/418.12,413.93/418.1,409.52/417.69,413.63/417.75,413.93/418.1,417.71/417.71,413.63/417.71,414.0/418.05,413.93/413.93,413.93/418.05,413.57/417.69,414.0/418.05,413.93/418.05,414.0/418.05,418.05/418.05,417.69/417.69,418.07/418.07,413.56/421.77,413.93/418.05
chr6_12322154_AC,268,259.49/267.2,267.56/269.55,267.23/267.23,265.73/267.66,259.94/265.71,259.49/265.29,259.94/267.66,259.48/259.48,267.58/269.51,265.25/267.17,265.65/267.57,259.94/263.77,265.73/267.66,265.64/267.56,265.24/265.24,265.66/265.66,259.56/269.15,263.74/267.61,259.94/259.94,259.49/267.2,267.63/269.55,259.49/267.2,265.73/267.63,259.93/259.93,265.66/267.59,259.48/267.18,267.66/267.66,265.64/267.63,259.49/267.2,267.18/267.18,259.49/259.49,267.62/267.62,267.66/267.66,259.48/265.26,259.94/269.51,259.94/269.52,259.48/265.26,265.2/267.17,259.48/267.25,267.63/271.44,259.49/265.25,265.29/267.2,259.48/267.26,259.49/267.2,259.94/259.94,267.17/267.17,267.55/269.5,259.49/265.31
chr18_38020886_TCTA,405,393.35/401.48,402.07/402.07,397.43/401.41,389.92/406.12,398.03/402.07,393.37/397.36,398.15/402.13,397.43/397.43,402.13/406.16,397.49/401.48,398.03/402.07,402.13/402.13,398.09/402.13,402.06/402.06,397.5/401.48,394.01/398.09,397.44/401.47,402.13/402.13,398.09/402.13,393.38/397.44,398.04/402.07,393.34/397.43,394.02/402.1,398.05/406.11,398.09/402.11,393.35/397.43,402.13/402.13,402.1/402.1,393.36/397.43,397.48/401.48,397.49/397.49,398.09/406.14,381.86/398.1,397.42/397.42,398.05/402.04,398.09/402.13,393.4/397.49,397.36/397.36,393.4/397.49,406.08/406.08,393.4/397.49,393.37/397.43,393.35/397.43,401.48/401.48,402.12/406.13,397.44/401.47,398.06/402.05,393.34/397.43
chr11_2442377_AC,184,180.15/180.15,180.15/182.06,180.15/184.0,172.56/180.15,180.15/182.07,180.23/182.19,176.4/180.23,178.34/182.19,180.15/180.15,180.23/180.23,174.45/176.35,180.15/180.15,178.25/180.23,180.15/182.06,184.05/184.05,174.4/178.24,178.27/180.23,178.32/180.23,180.15/180.15,180.23/182.11,182.07/182.07,180.23/180.23,180.15/180.15,182.13/185.92,176.38/182.16,180.23/182.12,176.4/180.23,176.35/176.35,180.23/182.18,178.33/180.23,180.23/182.11,182.14/184.05,180.23/180.23,180.23/180.23,178.25/182.06,176.34/182.06,180.23/180.23,184.05/184.05,180.23/182.12,178.25/184.03,180.23/182.2,180.23/180.23,180.23/182.13,180.23/186.01,176.34/183.98,180.22/185.96,174.43/182.07,180.15/180.15
chr4_123573491_TTAT,209,203.38/207.53,207.0/207.0,207.49/207.49,207.0/207.0,206.99/206.99,207.49/207.49,207.03/207.03,203.44/203.44,207.03/207.03,203.38/207.53,207.01/207.01,207.05/207.05,206.97/206.97,206.97/206.97,203.38/207.53,207.03/207.03,207.49/207.49,207.04/207.04,202.9/207.01,203.38/207.53,202.89/206.99,203.44/203.44,206.96/206.96,207.0/207.0,206.98/206.98,203.38/207.53,207.03/207.03,207.04/207.04,207.49/207.49,207.49/207.49,203.38/207.53,207.04/207.04,202.92/207.05,207.49/207.49,206.96/206.96,207.01/207.01,203.38/207.53,203.38/207.53,203.44/203.44,202.97/207.04,203.38/207.53,203.38/207.53,203.38/207.53,207.49/207.49,207.01/207.01,207.49/207.49,202.87/206.96,203.38/207.53
chr7_18349308_AC,225,213.77/213.77,218.21/227.87,207.87/215.72,216.21/227.84,218.23/220.2,213.77/217.74,208.37/208.37,207.94/217.82,214.21/218.16,207.93/207.93,208.34/220.13,216.19/218.16,218.23/218.23,218.23/225.94,207.93/215.77,218.16/220.2,213.77/213.77,220.2/229.77,208.38/220.2,213.77/213.77,224.05/229.79,207.94/213.77,214.21/214.21,208.35/218.17,218.16/223.99,207.91/217.82,220.2/220.2,216.21/216.21,213.77/213.77,209.83/219.77,213.69/217.79,214.21/218.16,210.31/214.21,213.77/213.77,214.14/220.2,223.99/225.94,207.94/213.77,207.87/215.72,213.77/213.77,208.31/227.83,207.93/213.77,207.89/213.77,207.85/213.77,219.84/219.84,220.2/229.71,219.77/219.77,214.14/227.84,213.77/213.77
ATN1,158,136.8/151.42,151.45/183.44,151.53/151.53,142.72/148.57,151.39/151.39,151.42/160.21,131.1/157.37,154.38/160.28,142.73/160.28,151.47/157.35,142.71/154.43,131.05/157.34,145.68/151.48,154.29/157.22,131.08/145.99,131.06/134,136.88/154.33,142.73/160.28,131.06/151.49,151.49/160.28,139.72/151.4,151.49/160.28,139.79/166.03,133.99/133.99,151.44/157.27,136.9/151.5,151.45/154.38,142.71/151.45,151.49/160.28,151.5/157.36,136.84/160.28,145.88/154.45,131.08/151.46,151.5/160.28,151.45/160.21,136.87/157.31,151.46/154.38,145.55/151.37,136.91/151.5,142.65/151.42,136.93/151.5,151.42/151.42,151.5/160.28,136.87/163.09,142.7/171.84,151.49/163.15,136.84/151.4,136.8/151.42
chr7_27264534_AC,239,238.77/242.61,235.47/237.36,233.08/234.94,224.07/231.72,243.06/245.01,234.99/238.77,237.39/237.39,235.06/238.84,237.38/237.38,236.98/240.74,237.28/241.11,231.67/237.34,235.5/237.41,237.24/241.04,233.05/236.79,231.67/241.18,236.84/240.67,243.1/247.05,235.49/237.33,235.02/238.85,233.56/233.56,240.67/240.67,241.18/243.14,241.2/241.2,233.53/237.35,235.05/238.77,233.6/237.35,233.6/239.18,238.85/240.67,236.88/238.84,235.1/238.78,239.24/243.14,231.72/239.24,238.84/240.75,243.12/246.95,237.39/241.18,238.84/240.67,233.03/236.74,238.85/240.67,237.33/237.33,235.01/240.67,238.79/240.67,238.85/240.67,236.85/240.6,233.55/241.1,236.81/240.58,235.42/237.29,238.78/240.67
DMPK,909,875.82/882.14,883.71/883.71,878.3/884.81,877.45/883.85,883.53/883.53,857.86/857.86,883.66/889.96,876.3/882.39,883.89/883.89,857.77/885.35,861.9/883.82,883.71/886.99,862.03/902.15,861.8/883.71,860/878.73,862.03/880.62,857.67/894.21,880.45/883.87,861.61/880.18,857.86/857.86,861.9/883.74,882.2/882.2,889.4/895.74,883.47/886.69,858.75/862.0,858.14/882.82,862.05/914.7,880.35/883.69,857.86/857.86,884.71/884.71,858.14/882.82,883.66/886.9,862.03/880.72,858.14/882.82,883.79/905.16,886.75/892.93,857.83/857.83,878.45/878.45,882.63/882.63,880.35/880.35,858.14/882.82,858.14/882.82,858.14/858.14,890.52/893.97,861.89/895.79,884.33/893.76,861.75/889.72,858.14/882.82
chr6_89959098_CA,235,210.83/232.17,225.09/234.52,208.76/232.07,219.31/232.68,232.62/236.35,210.81/224.55,221.26/223.16,212.86/224.65,228.82/232.63,218.82/232.32,219.25/228.78,213.26/224.96,223.14/232.63,217.21/228.76,218.62/222.5,230.7/230.7,210.83/220.74,225.04/234.53,211.39/238.29,224.54/232.18,236.35/238.24,210.81/220.75,221.18/226.92,228.86/232.67,230.65/234.49,210.87/220.75,230.78/234.55,225.03/226.85,224.54/232.18,224.55/224.55,220.82/224.62,213.33/230.73,213.33/230.82,220.75/232.19,219.24/223.15,223.14/225.03,220.75/232.22,208.69/222.51,210.8/224.64,211.32/232.61,220.83/232.24,210.82/232.17,220.83/232.24,210.82/224.61,228.81/232.59,224.4/224.4,224.93/224.93,210.8/224.65
chr11_63798227_AC,250,235.63/235.63,235.47/248.96,235.59/250.95,237.4/248.96,235.49/235.49,235.57/235.57,235.43/235.43,235.59/235.59,235.49/237.4,235.62/245.18,235.46/258.61,235.51/235.51,235.5/250.87,235.49/235.49,247.13/251.02,235.49/237/39,235.59/249.04,243.06/245,237.36/246.96,235.59/235.59,235.49/235.49,235.56/235.56,235.54/248.96,235.49/247.01,235.45/248.96,235.62/235.62,235.45/245,246.96/254.71,235.63/235.63,235.6/235.6,235.61/235.61,235.49/235.49,235.49/235.49,235.63/235.63,235.49/235.49,235.49/235.49,235.63/245.19,235.56/250.99,235.63/245.22,235.47/250.88,235.59/245.22,235.59/245.15,235.61/245.23,235.59/235.59,235.46/252.8,235.54/235.54,235.47/235.47,235.59/245.15
JPH3,135,132.2/138.26,132.94/135.95,134.37/140.38,133.08/133.08,138.96/138.96,138.41/138.41,132.93/141.97,138.33/141.44,133.03/139.02,132.26/138.28,114.86/132.95,132.92/132.92,133.01/133.01,132.84/138.89,134.37/140.38,139.23/139.23,132.2/138.26,133.03/133.03,138.96/141.97,138.33/138.33,133.02/136.03,138.33/138.33,132.99/132.99,132.93/135.94,132.92/138.95,132.34/138.35,138.96/138.96,132.94/132.94,138.4/138.4,134.37/134.37,138.34/138.34,132.99/139.02,132.97/139.09,138.41/138.41,132.95/135.96,136.01/136.01,138.33/138.33,140.38/140.38,132.34/138.33,120.0/120.0,138.33/138.33,132.37/138.34,138.33/138.33,132.33/140.38,117.94/138.96,134.37/140.38,135.9/135.9,132.33/138.41
chr20_18095896_AC,199,185.54/195.16,197.12/210.58,198.94/206.55,191.42/191.42,191.42/195.25,187.47/195.14,195.28/199.12,187.55/195.23,187.6/195.29,185.56/195.15,189.46/214.35,195.23/201.0,197.17/204.73,195.24/197.19,195.17/206.59,197.18/197.18,189.41/200.97,199.06/208.6,204.73/204.73,187.75/187.75,189.49/197.13,185.63/187.52,195.23/202.9,187.59/200.95,197.18/204.7,189.45/195.15,193.31/195.27,187.64/187.64,189.41/195.17,187.81/187.81,187.5/189.41,197.18/201.0,195.28/204.84,187.46/195.14,178.0/206.67,200.99/202.91,187.5/195.21,195.18/198.95,189.45/195.22,193.34/195.25,189.41/195.21,185.55/195.17,189.45/195.22,204.74/214.31,199.06/206.61,204.68/204.68,204.71/208.56,185.62/189.41
SCA1,230,233.08/235.97,233.11/236.04,233.05/236.01,232.97/235.98,227.24/230.11,233.07/233.07,233.07/233.07,233.05/235.95,238.89/238.89,233.04/238.95,230.21/251.12,227.07/235.94,233.0/250.99,230.06/235.98,230.04/235.96,224.03/235.98,236.02/239.02,224.18/233.08,227.2/238.97,233.07/239.02,224.27/230.14,236.09/239.02,233.13/244.94,224.12/238.97,235.97/235.97,236.03/239.03,233.01/235.83,224.16/247.95,233.09/236.03,230.0/241.88,233.05/238.96,230.01/244.9,230.04/233.07,233.05/233.05,224.26/224.26,211.87/229.97,233.0/233.0,233.11/236.04,233.05/236.01,236.06/238.97,233.01/238.9,233.09/236.03,236.01/238.96,224.29/230.06,227.22/230.1,230.03/230.03,224.17/230.0,233.17/239.1
HOXD13,523,504.06/504.06,503.92/503.92,504.65/504.65,504.62/504.62,503.75/503.75,504.06/504.06,504.55/504.55,504.58/504.58,504.63/504.63,504.67/504.67,503.99/503.99,503.75/503.75,504.32/504.32,503.11/503.11,504.43/504.43,504.57/504.57,504.03/504.03,504.58/504.58,503.9/503.9,504.03/504.03,503.71/503.71,503.93/503.93,503.85/503.85,503.86/503.86,503.82/503.82,504.57/504.57,504.39/504.39,504.02/504.02,504.16/504.16,504.58/504.58,504.65/504.65,504.35/504.35,504.36/504.36,504.58/504.58,503.82/503.82,504.37/504.37,504.58/504.58,503.92/503.92,504.51/504.51,503.82/503.82,504.61/504.61,503.96/503.96,504.61/504.61,503.81/503.81,503.97/503.97,503.85/503.85,503.59/503.59,504.06/504.06
FXN,318,323.34/323.34,318.11/331.6,323.91/356.46,311.13/320.13,318.13/323.91,320.49/323.35,323.99/323.99,320.49/338.67,321.09/324.02,323.4/323.4,318.13/318.13,318.11/323.93,324.06/324.06,318.11/323.93,321.08/321.08,318.2/319.2,323.41/323.41,321.08/324.0,318.11/323.93,320.7/323.64,318.13/321.14,323.41/323.41,321.15/322.1,318.13/318.13,318.07/318.07,320.49/323.34,323.85/323.85,321.14/323.99,320.56/323.42,318.07/321.08,320.63/323.49,323.99/323.99,323.99/344.98,320.63/323.58,315.07/318.07,318.2/324.0,320.56/322.48,321.21/324.05,320.57/323.52,323.97/323.97,320.7/323.63,322.64/322.64,323.58/323.58,318.13/321.14,318.13/321.01,318.18/318.18,321.07/322.02,320.77/322.63
chr17_8128309_TAGA,395,393.44/401.4,401.33/401.33,389.48/401.41,389.34/405.32,389.34/401.32,393.44/401.41,393.43/401.4,389.55/397.5,385.45/409.4,393.49/393.49,393.43/401.4,397.43/405.32,389.34/401.32,405.32/409.32,393.49/409.38,389.34/401.32,401.41/401.41,389.34/393.43,401.46/401.46,389.45/397.51,397.43/401.32,389.44/393.44,397.42/405.36,397.43/401.32,393.43/401.4,393.49/401.41,397.43/401.32,389.34/401.32,389.44/393.51,393.56/393.56,389.52/401.49,393.43/401.4,389.47/397.48,393.49/401.47,385.42/397.43,405.32/409.32,393.56/401.49,389.48/409.31,389.48/393.49,393.41/393.41,389.55/393.49,393.46/393.46,389.51/393.54,397.38/405.35,389.34/397.43,393.52/405.4,393.43/401.4,393.45/401.39
